PhID,PhName,NationalID,Address,District,PhoneNumber,Gender,DateOfBirth,Salary,WorkingHours
1,Michael Brown,ABCD12345,101 Pine St, City,111-222-3333,Male,1980-02-28,60000,40
2,Emily Davis,EFGH67890,202 Maple St, Town,444-555-6666,Female,1983-07-14,70000,45
3,Christopher Wilson,IJKL45678,303 Cedar St, Village,777-888-9999,Male,1975-10-03,55000,35
4,Jessica Martinez,MNOP12345,404 Elm St, County,222-333-4444,Female,1988-04-17,65000,38
5,Daniel Garcia,QRST67890,505 Oak St, City,555-666-7777,Male,1982-09-21,62000,42
6,Sarah Miller,UVWX45678,606 Maple St, Town,888-999-0000,Female,1977-12-08,58000,37
7,Matthew Brown,YZAB12345,707 Cedar St, Village,333-444-5555,Male,1972-05-12,56000,39
8,Lauren Wilson,CDEF67890,808 Pine St, City,666-777-8888,Female,1986-03-23,63000,41
9,James Davis,GHIJ45678,909 Elm St, County,999-000-1111,Male,1981-07-07,57000,36
10,Megan Johnson,KLMN12345,1010 Oak St, City,222-111-0000,Female,1979-10-29,59000,43
